SLNo.,CATEGORY,DESCRIPTION,CITY
0,Merrilllynch_CRA,"Use this form to transfer all or a portion of your account from another financial institution to your Merrill Lynch, Pierce, Fenner & Smith Incorporated (“Merrill Lynch”) account","Boston, MA,02210"
1,Merrilllynch_CRA,"For best results, please complete the information requested below in parts 1 to 4 using ALL CAPITAL letters and black ink. If you need more room for information or signatures, use a copy of the relevant page or a blank sheet. Use one form for each account that you’re transferring","New York, NY,10022"
2,Merrilllynch_CRA,"Many firms transfer assets using an automated transfer process, which typically takes 5 to 6 business days. Other firms either don’t use the automated process or must process some assets manually, which takes more time. The following estimated time frames for manual transfers are from the date of receipt of instructions by the delivering firm and may vary greatly","New York, NY,10173"
3,Merrilllynch_CRA,Remember to update any automatic deposits or withdrawals you’ve set up on the account you’re transferring to Merrill Lynch,"San Diego, CA,92130"
4,Merrilllynch_CRA,"Some transfers may result in tax consequences, penalties or financial risk. Consult your tax and financial professionals before requesting this transfer","Los Angeles, CA,90025"
5,Merrilllynch_CRA,"If you’re rolling over assets from a 401(k) or other employer-sponsored plan, consider all of your choices. You may be able to roll over to an IRA, roll over an old 401(k) to a 401(k) at a new employer, take a distribution or leave the account where it is, depending on your unique financial needs and retirement goals. Each choice may offer different benefits and limitations including investment options and services, fees and expenses, withdrawal options, required minimum distributions, tax treatment and protection from creditors and legal judgments. Additionally, there are limits to how often and when you can roll over your account. Please contact your 401(k) or other employer-sponsored plan administrator for help with the transfer","Dallas, TX,75201"
6,Merrilllynch_CRA,"Before indicating which assets to transfer, you should understand that assets transfer either in cash or in-kind. In-kind means assets transfer exactly as they are currently held. Examples include certificates of deposits (CDs) in brokerage accounts, mutual funds available at both institutions or other specific securities. In cash means assets are liquidated and proceeds deposited in your account, which may result in tax consequences, penalties or financial risk. Examples include CDs that are liquidated or mutual funds sold by the delivering firm. However, if a liquidation doesn’t occur before the transfer, assets will transfer in-kind","New York, NY,10017"
7,Merrilllynch_CRA,"If you are transferring mutual funds directly from the Mutual Fund Company, list the funds and the fund account numbers in the Mutual Funds and Securities section below. If you are transferring an account from a bank that holds a certificate of deposit, complete the “certificate of deposit at bank” section below. Otherwise, skip to part 4","New York, NY,10105"
8,Merrilllynch_CRA,"Most financial institutions require either written or verbal instructions from the client to liquidate assets. Please send liquidation requests directly to the delivering firm before requesting a transfer through Merrill Lynch. We do not guarantee that the delivering financial institutions will accept this document as a request to liquidate assets, including certificate of deposits at a bank. If you are transferring an account from a bank that holds a certificate of deposit, complete the “certificate of deposit at bank” section below. Otherwise, skip to part 4","Pasadena, CA,91101"
9,Merrilllynch_CRA,"Use the sections below to list the assets you want to liquidated before your account is transferred to Merrill Lynch. Most financial institutions require either written or verbal instructions from the client to liquidate assets. Please send liquidation requests directly to the delivering firm before requesting a transfer through Merrill Lynch. We do not guarantee that delivering financial institutions will accept this document as a request to liquidate assets, including certificate of deposits at a bank","Richmond, VA 23230"
10,Merrilllynch_CRA,"Use the sections below to list the assets you want to transfer to Merrill Lynch. Many firms have minimum account balance/ value requirements. To avoid a rejected transfer, please ensure that this partial transfer request does not reduce the losing account balance/value below that requirement. If you are transferring an account from a bank that holds a certificate of deposit, complete the “certificate of deposit at bank” section below. Otherwise, skip to part 4","Park Ridge, NJ,07656"
11,Merrilllynch_CRA,"££ Immediately liquidate CDs and transfer in cash. You may be charged a penalty for early withdrawal. ££ Wait to liquidate CDs and transfer in cash when CDs mature on  (MM/DD/YYYY).  For this option, submit your request at least 7 days, but no more than 14 days, before maturity to ensure that we can process this request","Boston, MA,02210"
12,Merrilllynch_CRA,"Securities include stocks, bonds, exchange traded funds, brokerage certificate of deposit, options and unit investment trusts. Provide all information, including the number of shares you want to transfer or liquidate. Write “ALL” in the quantity field if you’d like to transfer or liquidate all shares of a fund or a security","New York, NY,10017"
13,Merrilllynch_CRA,"Transfer your account to Merrill Lynch as you have instructed on this form, even though the Merrill Lynch account may have a different account title or different taxpayer identification number than the delivering account","Dallas, TX, 75201"
14,Merrilllynch_CRA,"Liquidate proprietary money market funds, if any exist, and transfer in cash to Merrill Lynch unless you instruct otherwise. Proprietary mutual funds or money market funds may not be transferrable to Merrill Lynch. You should consult your tax and financial professionals regarding any fees or tax consequences that may result from liquidations of proprietary funds","Naperville, IL, 60563"
15,Merrilllynch_CRA,"Deduct any outstanding fees from the credit balance in your account. If a credit balance does not exist or does  not cover the balance due, liquidate assets in the account to the extent necessary to satisfy the balance due","San Francisco, CA,94133"
16,Merrilllynch_CRA,Transfer any certificates or other instruments held in the firm’s physical possession in good deliverable form.  Affix any necessary tax waivers so Merrill Lynch can transfer them in its name when directed to sell them,"Austin, TX,78730"
17,Merrilllynch_CRA,"Freeze your account when this transfer is validated, which includes canceling all open orders and not accepting new orders on the transferring account (except for transactions closing option positions that expire within  seven days)","New York, NY,10151"
18,Merrilllynch_CRA,Release any requested historical information to Merrill Lynch about the account you’re transferring,"New York, NY,10152"
19,Merrilllynch_CRA,"Certain assets may not be readily transferable, with or without penalty, within the time frame required by FINRA Rule 11870, MSRB Rule G-26 or other designated authority",
20,Merrilllynch_CRA,"Certain assets may not be transferable to Merrill Lynch, such as low-priced securities and proprietary mutual funds or money market funds, and your request may be rejected. You should consult your tax and financial professionals regarding any fees or tax consequences that may result from liquidations of proprietary funds. You cannot resubmit your request until you remove non-transferable assets. For other types of non-transferable assets, you will be contacted in writing by Merrill Lynch or the delivering firm to determine how you want to dispose of such assets",
21,Merrilllynch_CRA,"Credit cards, debit cards or unused checks issued to you for the transferring account have been destroyed  or returned to the delivering firm",
22,Merrilllynch_CRA,"If transferring assets in a retirement account, none of the amount transferred includes the required minimum distribution that you are required to take this year",
23,Merrilllynch_CRA,"If transferring a retirement plan account and the delivering firm is trustee or custodian, you represent that  you have appropriately amended the plan and named Merrill Lynch as successor custodian or trustee",
24,Merrilllynch_CRA,"All account holders or authorized signers of accounts listed in Part 1 and Part 2 of this form must sign below. If an account holder’s name appears differently on either account, the owner must sign the form using all name variations (e.g., maiden name and married name)",
25,Merrilllynch_CRA,For retirement accounts only. To the prior custodian or trustee of the retirement account designated on this form for transfer: Merrill Lynch accepts the appointment as successor custodian,
26,Merrilllynch_CRA,All deliveries must include the client name and the 8-digit Merrill Lynch account number,
27,Merrilllynch_CRA,"Merrill Lynch, Pierce, Fenner & Smith Incorporated (also referred to as “MLPF&S” or “Merrill”) makes available certain investment products sponsored, managed, distributed or provided by companies that are affiliates of Bank of America Corporation (“BofA Corp.”). MLPF&S is a registered broker-dealer, Member SIPC and a wholly owned subsidiary of BofA Corp",
28,Merrilllynch_CRA,"Next, with the expertise of our Chief Investment Office, your advisor will provide a clear and informed point of view and strategies based on your needs - designing an approach that you're comfortable with",
29,Merrilllynch_CRA,"Wealth management is an ongoing process. You'll meet with your advisor often and have in-depth annual reviews, one-on-one. You can and should revisit your goals often, course correcting as needed",
30,Ameritrade Institutional,"A. Transfer from an ACAT eligible Brokerage Firm, Bank, Insurance/Annuity Co., Trust Co., or Transfer Agent – Check box for full or partial transfer. For partial transfers, list descriptions of assets and shares. Unless otherwise indicated, TD Ameritrade will transfer in full. Please note – The ACAT system does not allow for liquidation requests. To place trades, please contact your current custodian prior to submitting the transfer request. Most banks, insurance/annuity, and trust companies require original wet-ink signature mailed to TD Ameritrade",
31,Ameritrade Institutional,"When transferring from a joint account at a contra firm to an individual account at TD Ameritrade, the party losing ownership of the assets must sign section 4. If the party losing ownership does not have an account at TD Ameritrade, please attach a notarized letter of authorization signed by the party losing ownership of the assets. If the discrepancy is a result of a name change for an account owner, please provide a copy of the legal document such as a marriage certificate, divorce decree, etc. Further documentation may be required, depending on the situation",
32,Ameritrade Institutional,"If this account is a qualified retirement account, I have amended the applicable plan so that it names TD Ameritrade Clearing, Inc. as a successor custodian",
33,Ameritrade Institutional,"Unless otherwise indicated in the instructions above, please transfer all assets in my account in kind to TD Ameritrade. I understand that to the extent any assets in my account are not readily transferable, with or without penalties, such assets may not be transferred within the time frames required by applicable regulations",
34,Ameritrade Institutional,"Unless otherwise indicated in the instructions above, I authorize you to liquidate any non-transferable proprietary money market fund assets that are part of my account and transfer the resulting credit balance to TD Ameritrade Clearing, Inc. I authorize you to deduct any outstanding fees due you from the credit balance in my account. If my account does not contain a credit balance, or if the credit balance in the account is insufficient to satisfy any outstanding fees due you, I authorize you to liquidate the assets in my account to the extent necessary to satisfy that obligation",
35,Ameritrade Institutional,"Instructions to transfer securities, mutual funds, or other assets to  your TD Ameritrade Institutional account",
36,Ameritrade Institutional,Section 1 – TD Ameritrade Institutional Account Information — complete your TD Ameritrade account registration information,
37,Ameritrade Institutional,Section 2 – Delivering Firm Information — complete Delivering Firm’s account registration information,
38,Ameritrade Institutional,"Section 3 – Transfer details; see below for requirements. Depending on where the assets are coming in from, please complete section 3A or 3B",
39,Ameritrade Institutional,"A. Transfer from an ACAT eligible Brokerage Firm, Bank, Insurance/Annuity Co., Trust Co., or Transfer Agent – Check box for full or partial transfer. For partial transfers, list descriptions of assets and shares. Unless otherwise indicated, TD Ameritrade dividends and capital gains. I acknowledge that ineligible proprietary mutual funds and all no-load money market funds cannot be transferred in kind and must be liquidated by the mutual fund company",
40,Ameritrade Institutional,"Section 3A – Brokerage Firm Transfer  •  For full account transfers, complete Section 3A, then the Discrepancies of Account Name and Type Section 4 (if applicable) and sign in Section 5.   •  For partial account transfers, complete Section 3A, list description of asset, number of shares or “all,” then the Discrepancies of Account Name and Type Section 4 (if applicable) and sign in Section 5.  • If you’re transferring part of your account, list only the assets you want transferred to TD Ameritrade in section",
41,Ameritrade Institutional,"Brokerage Firm, Bank, Insurance/Annuity Co., Trust Co., or Transfer Agent  • To transfer a Money Market Account, please complete this section.  • To transfer the proceeds of a maturing CD, initiate your transfer at least two to three weeks before the maturity date",
42,Ameritrade Institutional,"To transfer the proceeds of a maturing CD, initiate your transfer at least two to three weeks before the maturity date.  • To transfer an Annuity or Life Insurance Policy, please check the appropriate box.  •  To transfer shares in book entry form, usually associated with a Dividend Reinvestment Plan, check the appropriate box. Please note: fractional shares will be liquidated and transferred as cash",
43,Ameritrade Institutional,For full transfers – indicate all and mark transfer shares “in-kind” or liquidate and send proceeds,
44,Ameritrade Institutional,"For partial transfers – list individual fund name, number of shares, transfer in-kind, or liquidate and  send proceeds.  •  Call TD Ameritrade Institutional at 800-431-3500 to make sure the mutual fund is transferable to TD Ameritrade. Over 13,000 funds are available.  •  Send a separate Transfer Form for each mutual fund company (for example, Vanguard, Fidelity, Berger, etc.) from which you’re transferring. Photocopy our form if necessary or call for additional forms",
45,Ameritrade Institutional,Please attach a COPY of the most recent statement from the institution you are transferring from. The statement should be from within the past six months to best display the most accurate holdings. Please note the statement is used to process your request so an accurate statement allows for best results,
46,Ameritrade Institutional,Do not use this form to transfer between TD Ameritrade accounts,
47,Ameritrade Institutional,"Your goals are unique, so your investment guidance should be too. We take the time to listen and understand what matters most to you before helping you develop and manage your investment strategy. Call us today at 800-870-9668 to get started",
48,Ameritrade Institutional,"Get a managed portfolio recommendation to fit your goals and ongoing support from TD Ameritrade Investment Management, LLC",
49,Ameritrade Institutional,"For more complex advisory needs, get an introduction to an independent Registered Investment Advisor through our advisor referral program",
50,Ameritrade Institutional,"We offer a broad range of products and services to help you pursue your financial goals, and we can help you choose the right approach",
51,Ameritrade Institutional,It's no secret that life changes are going to impact your financial goals. That's why we've made it as easy as possible to set your goals and stay on track,
52,Ameritrade Institutional,"Value is so much more than a price tag. With TD Ameritrade, not only can you trade commission-free online, but you get access to all our platforms and products with no deposit minimums, trading minimums, or hidden fees",
53,Ameritrade Institutional,"Get access to stocks, bonds & CDs, options, non-proprietary mutual funds, futures, forex, commission-free ETFs*, and more to stay diversified and ready to take advantage of a wider range of opportunities",
54,Ameritrade Institutional,Knowledge is your most valuable asset. That's why we built a one-of-its kind AI-powered experience designed to help you grow as an investor with content tailored to your own personal investing goals and needs,
55,Ameritrade Institutional,"Make informed trades with an incredible depth of data and insights from reputed independent third parties like Morningstar, CFRA (Formerly S&P Capital IQ), and TheStreet",
56,Ameritrade Institutional,"Our experienced, licensed associates know the market—and how much your money means to you. It’s this foundation that makes them so committed to helping you better understand the market so you can make the best financial decisions for your future",
57,Ameritrade Institutional,"Stocks, options (if approved), mutual funds, exchange-traded funds (ETFs), bonds, and CDs are available in most accounts",
58,Ameritrade Institutional,"Investment choices may be limited in trusts, 529 education accounts, and pension plans",
59,Ameritrade Institutional,"Online trade commissions are $0.00 for U.S. exchange–listed stocks, ETFs, and options. A $0.65 per contract fee applies for options trades, with no minimum balances on most account types (excluding some promotional offers), no platform fees, and no trade minimums",
60,Ameritrade Institutional,"Our locations in Hong Kong and Singapore both offer opportunities in Customer Service, Trade Desk, Operations and Business Development positions. The roles will offer you a unique opportunity to gain broad based experience in all facets of the business. By using a hands-on training approach, you'll be able to develop your customer service skills through face-to-face and phone client interaction, placing trades, and fine-tuning your sales skills at TD Ameritrade events and trade shows.","Appling, Georgia"
61,Schwab_IRA,"Distributions from your IRA are generally subject to federal (and possibly state) income tax. Even if you elect in writing not to have federal and/or state income tax withheld, you are liable for payment of federal and state income taxes, if applicable, on the taxable portion of your distribution. You may also be subject to tax penalties under the estimated tax payment rules if your withholding and payment of estimated tax, if any, are not adequate","Champaign, Illinois"
62,Schwab_IRA,Your tax withholding election will remain in effect on all distributions from your Traditional IRA until you change or revoke it. You may change or revoke your tax withholding election at any time by submitting your requests to Schwab,"Alexandria, Louisiana"
63,Schwab_IRA,"Withholding income taxes may subject you to IRS penalties if you are under age 59½, because the amount withheld is considered a distribution. Schwab recommends that you contact your tax advisor regarding your tax withholding election","Kula, Hawaii"
64,Schwab_IRA,"Please select a withholding instruction for the taxable distribution that results from the conversion. If you do not make an election or have not previously made an election, Schwab is required to withhold 10% for payment of federal (and possibly state) income tax from your gross distribution","Washington, Virginia"
65,Schwab_IRA,"State tax withholding may be required from your distribution. In some cases, you may elect not to have withholding apply, or you may elect to increase the rate of withholding. In other cases, state tax withholding is not available. Refer to the State Income Tax Withholding Information sheet for specific information concerning your state’s withholding rates","Austin, Kentucky"
66,Schwab_IRA,"While Schwab makes every effort to obtain information about state tax laws from sources believed to be reliable, Schwab cannot guarantee the accuracy or timeliness of state tax withholding information because state laws are subject to constant change and interpretation. We recommend that you contact your tax advisor regarding your tax withholding elections and to answer any questions that you may have regarding your state’s withholding laws","Clinchport, Virginia"
67,Schwab_IRA,"A Schwab Qualified Plan is a Schwab Profit Sharing Qualified Retirement Plan or Keogh, a Schwab Individual 401(k), or a Schwab 403(b)(7) Account. State Income Tax Withholding: State tax withholding may be","Rudyard, Montana"
68,Schwab_IRA,The Cash Features Program is a service that offers the Bank Sweep feature (a “Cash Feature”) to permit your uninvested cash (the “Free Credit Balance”) to earn income while you decide how those funds should be invested longer term,"Westfield, Wisconsin"
69,Schwab_IRA,"You understand that additional information about the Cash Features Program and each Cash Feature is available in the Cash Features Disclosure Statement. By signing this Application, you consent to having the Free Credit Balance in your brokerage account included in the Cash Features Program, as described in the Cash Features Disclosure Statement","Seattle, Washington"
70,Schwab_IRA,"The Bank Sweep feature is designated as the Cash Feature for brokerage accounts of account holders residing in the U.S. Through the Bank Sweep feature, Schwab automatically makes deposits to and withdrawals from deposit accounts at one or more banks affiliated with Schwab (“Sweep Banks”)","Appling, Georgia"
71,Schwab_IRA,"Your deposits at each Sweep Bank are insured by the Federal Deposit Insurance Corporation (FDIC) up to $250,000 (including principal and accrued interest) when aggregated with all other deposits held by you in the same insurable capacity at that bank. Your funds may be placed in a Sweep Bank in excess of the FDIC insurance limit. In certain limited circumstances, Schwab may place your funds in a sweep money market fund. Please see the Cash Features Disclosure Statement for additional information",
72,Schwab_IRA,"You understand and agree that Schwab may (1) make changes to the terms and conditions of the Cash Features Program; (2) make changes to the terms and conditions of any Cash Feature; (3) change, add, or discontinue any Cash Feature; (4) change your investment from one Cash Feature to another if you become ineligible for your current Cash Feature or your current Cash Feature is discontinued; and (5) make any other changes to the  Cash Features Program or Cash Feature as allowed by law",
73,Schwab_IRA,"Schwab will notify you in writing of changes to the terms of the Cash Features, changes  to the Cash Features we make available, or changes to the Cash Features Program prior to the effective date of the proposed change",
74,Schwab_IRA,"You will receive account statements, trade confirmations, shareholder materials, account agreements and related disclosures, and other regulatory documents, if available in paperless form, by email. For certain documents, including account statements, you will receive an email notification with a link to log on to our secure website to access your documents",
75,Schwab_IRA,"For complete information, please see Important Information About Your Informed Consent to Receive Paperless Documents in the Appendix to this application. Enrollment may also qualify you for lower online equity trades—consult your IA or the applicable Charles Schwab Pricing Guide for additional details",
76,Schwab_IRA,"If you already have an account enrolled in Paperless Documents using the email address provided in Section 2, have logged on to schwaballiance.com in the past six months, and agree to the following, your paperless enrollment will be complete once your account is opened",
77,Schwab_IRA,"Trading and Disbursement Authorization for Checks and Journals. Selecting this option indicates that I have authorized my IA to take the following actions, and I instruct Schwab to permit my IA: (1) to place trades in my account as provided under the Trading Authorization heading in the attached Account Application Agreement; (2) to remit checks to me at my address of record; and (3) to journal cash and/or securities to a Schwab brokerage account on which I am named account holder (known as a first-party transfer)",
78,Schwab_IRA,"This disbursement authorization does not apply to wire disbursements; Schwab MoneyLink® distributions; or direct, ongoing electronic payments of dividends, interest, and money market income, which use separate forms. (Note: Trading and Disbursement Authorization for Checks and Journals is not available for Estate, Guardianship, or Conservatorship accounts",
79,Schwab_IRA,"Trading Authorization. Selecting this option indicates that I have authorized my IA, and I instruct Schwab to permit my IA, to place trades in my account as provided under the Trading Authorization heading in the attached Account Application Agreement",
80,Schwab_IRA,"Fee Payment Authorization. Selecting this option indicates that I have authorized my IA, and I instruct Schwab to permit my IA, to pay investment advisory and related fees to IA from my account or another account registered to my name, over which I have granted IA fee payment authorization in the amount of IA’s instructions",
81,Schwab_IRA,"If you have granted your IA trading authority over your account, and your IA exercises investment discretion for you pursuant to an advisory contract, you can appoint your IA to be sent certain issuer and issuer-related communications (proxies, tender offers, proposed mergers, rights offerings, exchange offers, and warrants, among other things) that may require a voting decision or other action regarding investments held in your account",
82,Schwab_IRA,"If you appoint your IA below, your IA will, regarding only those voting decisions or other action communications sent to your IA: (i) be requested to vote proxy ballots; (ii) be requested to provide instructions regarding corporate reorganizations and other corporate actions; and (iii) be sent certain prospectuses and annual reports and other communications. In these cases, you will be authorizing your IA to make all voting decisions and take all actions on your behalf. You will not be sent informational copies of these communications",
83,Schwab_IRA,I understand that I may change or revoke this designation at any time by completing a new Beneficiary Form with Schwab during my lifetime. It will become effective when Schwab receives it,
84,Schwab_IRA,"I understand that if Schwab determines that my beneficiary designation is not clear with respect to the amount of the distribution, the date on which the distribution shall be made, or the identity of the party or parties who will receive the distribution, Schwab shall have the right, in its sole discretion, to consult counsel and to institute legal proceedings to determine the proper distribution of the account, all at the expense of the account, before distributing or transferring the account",
85,Schwab_IRA,"If I live in a state with community property statutes and do not designate my spouse as the sole Primary Beneficiary, I represent and warrant that my spouse has consented to such designation",
86,Schwab_IRA,"The percentage portions must add up to 100% per beneficiary type. All portions can be extended to the hundredths position (e.g., 33.33%). If section is left blank, portions will be evenly distributed amongst beneficiaries",
87,Schwab_IRA,"You acknowledge that you have received and read the attached Application Agreement, which contains a predispute arbitration provision. You acknowledge that your signature signifies and constitutes your agreement that this account and your relationship with Schwab will be governed by the Application Agreement and all incorporated agreements and disclosures, including, but not limited to, the applicable Individual Retirement Plan and Disclosure Statement, the Schwab IRA and ESA Account Agreement, and the applicable Charles Schwab Pricing Guide, each as amended from time to time (the “Agreement and Disclosures”). You understand there are fees associated with establishing, maintaining, engaging in transactions, and transferring assets out of this account",
88,Schwab_IRA,The IRS does not require your consent to any provision of this  document other than the certifications required to avoid backup  withholding,
89,Schwab_IRA,"The automatic investment of your free credit balance, including the frequency and the amount of each sweep, is governed by the terms and conditions set forth in the Cash Features Disclosure Statement and in the Account Agreement applicable to your account. The material in this document is intended for informational purposes only. If there is any conﬂ ict between the descriptions in this document and the terms of the Cash Features Disclosure Statement, the Cash Features Disclosure Statement will control",
90,Schwab_IRA,"Stay on top of your savings with Schwab Intelligent Portfolios Premium™. Our robo-advisor builds, monitors, and automatically rebalances a diversified portfolio based on your goals, plus offers unlimited 1:1 guidance from a CFP® professional.",
91,ICICI_LOMBARD,"During FY2019, we settled 99.87 % health insurance claims and 93.14% motor insurance claims (own damage) within 30 days of claim filing.*",
92,ICICI_LOMBARD,"Well, we don’t wish to blow our own trumpet, but the Indian Insurance Award of ‘Claim Leader – General Insurance’ only validates why we remain your smartest choice.",
93,ICICI_LOMBARD,ICRA (an Associate of Moody's Investors Service) has assigned iAAA rating indicating highest claims paying ability to ICICI Lombard General Insurance Company Limited.,
94,ICICI_LOMBARD,"The PMFBY was launched in 2016 and replaces all the prevailing yield insurance schemes in India. The scheme has extended coverage under localized risks, post-harvest losses etc. and aims at adoption of technology for the purpose of yield estimation. Through increased farmer awareness and low farmer premium rates the scheme aims at increasing the crop insurance penetration in India.",
95,ICICI_LOMBARD,Commercial term that buyer shall accept delivery of goods at the same place where it lies and in the same condition as it exists at the time of inspection prior to purchase. In General Insurance this term is used mostly relating to salvage disposal transactions.,
96,ICICI_LOMBARD,"Any one accident. The term, in relation to liability insurance, refers to the maximum liability of the insurer in respect of all claims, both for bodily injury and property damages of third parties arising out of any one accident.",
97,ICICI_LOMBARD,"Any one vessel. The term, which relates to Marine Cargo Insurance, refers to the insurer's maximum commitment under the policy for all cargo in respect of any one vessel.",
98,ICICI_LOMBARD,An expert in statistics and a mathematician in the insurance field. Conducts extensive statistical studies. Calculates insurance risks and premiums and reserves. Involves in the preparation of various annual reports in compliance of regulatory requirements.,
99,ICICI_LOMBARD,"A branch of knowledge which deals with mathematics of insurance. It is used in the evaluation of various risks, premium fixation commensurate with the risks and also provisions relating to unexpired risks and unexpired liabilities.",
100,ICICI_LOMBARD,"Any event not caused or contributed to by man. Some sudden and irresistible acts of nature that could not reasonably have been foreseen or prevented, such as floods or exceptionally high tides, storms, lightning, earthquakes etc. constitute Act of God Perils.",
101,ICICI_LOMBARD,"A clause included in Excess of Loss Treaties pertaining to Liability Insurance, where such liability is statutory, to take care of changes in law or act about quantum of compensation during the cover period, by revision of rate and/or underlying loss retention as well as the limit of the excess of loss cover.",
102,ICICI_LOMBARD,This refers to the expenses incurred by the Direct Insurer for acquiring Direct Premium. Normally commission expenses come under this category. Even brokerage paid if any and also initial publicity expenses for product launches can be considered as acquisition costs.,
103,ICICI_LOMBARD,"Acquisition cost incurred by the direct insurer towards procuring business, which is taken into account by the reinsurer while fixing the reinsurance commission for the reinsurance offered.",
104,ICICI_LOMBARD,Condition characterized by illness indicative of reduced immune responsiveness in otherwise healthy individuals. The Standard Mediclaim Insurance Policy does not extend cover for AIDS.,
105,ICICI_LOMBARD,"As there are different methods of accounting,especially for specific items in the insurance companies, the company is expected to explain the method of its accounting by its accounting policy, which will be attached to the annual accounts.",
106,ICICI_LOMBARD,"Basis of accounting by a company where,in addition to the money received or paid,outstanding incomes as well as expenses are recognized.",
107,ICICI_LOMBARD,Basis of accounting by a company where all accounting is done only if money is either received or paid and so no dues are recognized.,
108,ICICI_LOMBARD,"Purely by circumstances which are wholly unexpected, unforeseen and beyond the control of the insured/beneficiary under the policy.",
109,ICICI_LOMBARD,"A measurement of the seriousness of accidents occurring within a given period, judged either by their cost or by the nature of the damage or injury to which they give rise.",
110,ICICI_LOMBARD,A measurement of number of accidents occurring in a given period.,
111,ICICI_LOMBARD,An unlooked for mishap or an untoward event which is not expected or designed.,
112,ICICI_LOMBARD,The term generally refers to those parts which are directly supplied by the manufacturer along with the equipment /vehicle but which are not essential for the operation/running of the equipment/vehicle.,
113,ICICI_LOMBARD,"The term, also called the Inspection of Records Clause, refers to the right of the reinsure to inspect any books or records of the Reinsured Company, at the expense of the former.",
114,ICICI_LOMBARD,"Health Insurance is a crucial instrument that provides you and your loved ones financial security in times of need. Thus, whether an emergency or a planned hospitalisation, a health insurance policy ensures umbrella coverage by helping you pay for the covered medical expenses in case of hospitalisation due to illness or injury.",
115,ICICI_LOMBARD,"What's more, other than safeguarding your finances from hospitalisation expenses, you can avail tax benefits on the premiums paid towards your health insurance under Section 80D of the Income Tax Act, subject to terms and conditions. This makes a Health Insurance plan a favourable tax-planning tool that adds a feather to the cap on your investments.",
116,ICICI_LOMBARD,"ICICI Lombard offers Complete Health Insurance, Super Top-Up Health Booster and Personal Protect plan,which give you a comprehensive solution in times of medical and non-medical emergencies.",
117,ICICI_LOMBARD,The British Standard Institution (BSI) has awarded a Certificate of Compliance to ICICI Lombard – the first Indian company to be certified with the ISO 31000:2018,
118,ICICI_LOMBARD,"Every person who intends to acquire or make an arrangement or agreement for acquisition of equity shares amounting to more than 1% but less than 5% of the paid up equity share capital of the Company will be required to submit a self-certification for compliance with ""Fit & Proper"" criteria with the Company.",
119,ICICI_LOMBARD,"No matter where you are, stay assured of quality healthcare. Avail travel insurance plans that offer cashless hospitalisation facilities across the globe, so you can be at peace when you travel.",
120,ICICI_LOMBARD,Hospitalization expenses (both in-patient and out-patient) will be payable in case the insured is hospitalized in the destination country due to COVID-19.,
121,ICICI_LOMBARD,Claims will be payable for the financial loss incurred by the insured if the scheduled trip is cancelled or interrupted due to hospitalization* of the insured/immediate family member due to COVID-19,
122,HDFC ,"You can open a savings account with HDFC Bank, India’s No.1 Bank instantly through our digital application process. You can do this from the comfort and safety of your home; no need to visit the branch.",
123,HDFC ,Select customers can get a credit card instantly. You can apply through our digital application process and check your eligibility. Select customers will get their credit card instantly through an e-mail. Details such as PIN and CVV will be shared separately for security reasons and you can start using your card for online transactions instantly,
124,HDFC ,You pay lower EMI in the initial period of your loan and the EMIs are increased in the future period. So that paying now becomes easier and less of a burden. The EMIs are increased in a later period when the situation should be far better and you can manage to pay higher EMIs,
125,HDFC ,We are offering businesses an emergency credit line facility – which is an additional loan amount up to 20% of their existing loan outstanding with us to help them to tide over these tough times,
126,HDFC ,"We understand that while we take care of our customers and our employees, the COVID situation is a much larger problem and we as a leading Bank of the country need to play an active role in supporting the country and aiding in the fight against COVID.",
127,HDFC ,HDFC Group has donated INR 150 Crores to the PM Cares Fund to support the government in fighting the COVID situation,
128,HDFC ,We realise that the interest and safety of our citizens is larger than the Brand. HDFC Bank has placed safety grids (a part of our logo unit) at almost 5000 essentials stores (including medical stores and grocery stores) across 9 cities to help Indians practice social distancing,
129,HDFC ,We created a song in partnership with AR Rahman to help create hope and positivity amongst Indians. The video reached more than 30 million Indians and it was also leveraged to get more donations to the PM Cares Fund.,
130,HDFC ,We recommend that you use our Digital Banking platforms for your banking needs from the comfort of your home. Here are details on how to use our Mobile App and NetBanking portals.,
131,HDFC ,"To send money within the same city or a different city in India, you may use NEFT or IMPS or UPI to transfer the money and ensure that they financially looked after. To know more, please visit our Money Transfers section.",
132,HDFC ,"If you have your loved ones abroad and wish to help them out financially, you may use our NetBanking platform to transfer money seamlessly. No queues, no cheques, no forms or letters, no hassles.",
133,HDFC ,"After you have logged in, you can change your password using the ""Change password"" option in the top part of the screen. You have to type your current password and the new password you have chosen in their respective boxes.",
134,HDFC ,You will receive your new ATM PIN by post within 10 days from when your request has been submitted.,
135,HDFC ,"No, for security reasons we send you your ATM PIN only by post.",
136,HDFC ,"Click on the ""Autopay register"" link on the left side margin.",
137,HDFC ,Select the Credit Card number that you want to register for the Autopay facility and your HDFC Bank account number from which you want your Credit Card payments to be made.,
138,HDFC ,"If you want the full amount of your statement to be paid from your bank account select the ""Total amount due"" link, and if you want only the minimum amount due (5% of total amount) to be paid, select ""Minimum Amount Due"".",
139,HDFC ,"Yes, your HDFC Bank Chip Credit card can be used anywhere in the world wherever Visa/MasterCard are accepted. ",
140,HDFC ,"HDFC is India's premier housing finance company and enjoys an impeccable track record in India as well as in international markets. Since its inception in 1977, the Corporation has maintained a consistent and healthy growth in its operations to remain the market leader in mortgages. Its outstanding loan portfolio covers well over a million dwelling units.",
141,HDFC ,"HDFC has developed significant expertise in retail mortgage loans to different market segments and also has a large corporate client base for its housing related credit facilities. With its experience in the financial markets, strong market reputation, large shareholder base and unique consumer franchise, HDFC was ideally positioned to promote a bank in the Indian environment.",
142,HDFC ,"HDFC Bank’s mission is to be a World Class Indian Bank. The objective is to build sound customer franchises across distinct businesses so as to be the preferred provider of banking services for target retail and wholesale customer segments, and to achieve healthy growth in profitability, consistent with the bank’s risk appetite.",
143,HDFC ,"The bank is committed to maintain the highest level of ethical standards, professional integrity, corporate governance and regulatory compliance. HDFC Bank’s business philosophy is based on five core values: Operational Excellence, Customer Focus, Product Leadership, People and Sustainability.",
144,HDFC ,The shares are listed on the BSE Limited and The National Stock Exchange of India Limited. The Bank's American Depository Shares (ADS) are listed on the New York Stock Exchange (NYSE) under the symbol 'HDB' and the Bank's Global Depository Receipts (GDRs) are listed on Luxembourg Stock Exchange under ISIN No US40415F2002.,
145,HDFC ,"On May 23, 2008, the amalgamation of Centurion Bank of Punjab with HDFC Bank was formally approved by Reserve Bank of India to complete the statutory and regulatory approval process. As per the scheme of amalgamation, shareholders of CBoP received 1 share of HDFC Bank for every 29 shares of CBoP.",
146,HDFC ,"The amalgamation added significant value to HDFC Bank in terms of increased branch network, geographic reach, and customer base, and a bigger pool of skilled manpower.",
147,HDFC ,"HDFC Bank's Board of Directors comprises eminent individuals with a wealth of experience in public policy, administration, industry and commercial banking. Senior executives representing HDFC Ltd. are also on the Board. ",
148,HDFC ,Various businesses and functions in the Bank are headed by senior executives with work experience in India and abroad. They report to the Managing Director. The Bank is focussed on recruiting and retaining the best talent in the industry as it believes that its people are a competitive strength,
149,HDFC ,"HDFC Bank operates in a highly automated environment in terms of information technology and communication systems. All the bank’s branches have online connectivity, which enables the bank to offer speedy funds transfer facilities to its customers. Multi-branch access is also provided to retail customers through the branch network and Automated Teller Machines (ATMs).",
150,HDFC ,"The Bank has made substantial efforts and investments in acquiring the best technology available internationally, to build the infrastructure for a world class bank. In terms of core banking software, the Corporate Banking business is supported by Flexcube, while the Retail Banking business by Finware, both from i-flex Solutions Ltd. The systems are open, scaleable and web-enabled.",
151,HDFC ,"The Bank has prioritised its engagement in technology and the internet as one of its key goals and has already made significant progress in web-enabling its core businesses. In each of its businesses, the Bank has succeeded in leveraging its market position, expertise and technology to create a competitive advantage and build market share.",
152,HDFC ,"HDFC Bank began operations in 1995 with a simple mission: to be a ""World-class Indian Bank"". We realized that only a single-minded focus on product quality and service excellence would help us get there. Today, we are proud to say that we are well on our way towards that goal.",
153,SBI,This product is a variant of Term Deposits but instead of Interest being paid out at a regular frequency during the period of deposit; here it is paid out only at the time of maturity. Regular interest is added to the principal and compound interest calculated and paid thereon,
154,SBI,"Minimum deposit amount Rs. 1,000/- and thereafter in multiples of Rs. 100/-",
155,SBI,A deposit of Rs. 1.00 crore and more is treated as bulk deposit.rs,
156,SBI,Rate of interest as applicable to Term Deposits with Quarterly compounding.,
157,SBI,The interest rate payable to SBI Staff and SBI pensioners will be 1.00% above the applicable rate.,
158,SBI,The rate applicable to all Senior Citizens of age 60 years and above will be 0.50% above the applicable rate.,
159,SBI,Term Deposit (together with interest) of Rs. 20000/- and above shall not be paid in cash.,
160,SBI,Loans / OD upto 90% of the Principal deposit. (interest may include),
161,SBI,TDS is applicable as per Income Tax Rules. Form 15G/H can be submitted by the depositor for exemption from tax deduction as per IT Rules.,
162,SBI,Flexibility to convert Term Deposit (regular interest payout) to STDR (cumulative interest payout) and vice versa.,
163,SBI,Instructions for disposal of maturity proceeds are accepted at the time of opening of accounts.,
164,SBI,"Resident individuals singly or jointly, Minor (himself/herself or through his/her Guardian), Karta of HUF, Firm, Company, Local Bodies and Any Government Department",
165,SBI,"For Term Deposit up to Rs 5.00 lacs, the penalty for premature withdrawal will be 0.50% (all tenors).",
166,SBI,"The interest shall be 0.50% or 1% below the rate applicable at the time of Deposits for the period Deposit remained with the Bank or 0.50% or 1% below the contracted rate, whichever is lower.",
167,SBI,TDS is applicable at prevalent rate. Form 15G/H can be submitted by the depositor to get exemption from Tax deduction as Income Tax Rules.,
168,SBI,The rate applicable to all Senior Citizens of age 60 years and above will be 0.50% above the applicable rate.,
169,SBI,The cost of the package you choose will be divided by 13. You will be redirected to the Online SBI portal where you can setup an e- Recurring Deposit (e-RD) account for 12 monthly instalments,
170,SBI,Thomas Cook will fund the balance amount i.e. the 13th instalment to purchase your package after factoring in the accrued e-RD interest,
171,SBI,This e-RD account is opened for enrolling in Holiday Savings Account scheme of Thomas Cook and therefore information on this account will be shared with Thomas Cook,
172,SBI,The tenor for this product is fixed at 12 months and the amount is decided by Thomas Cook based on the package chosen by the customer,
173,SBI,"e-RD account with additional rate of interest for Senior Citizens will be issued if option for ""Senior Citizen"" is selected by the customer and age of customer is 60 yrs or above, on the date of creating the recurring deposit, as per date of birth recorded with the Bank",
174,SBI,"On maturity of e-RD account, the maturity instruction set for the account will be executed and the proceeds will be transferred to Thomas Cook unless customer changes the maturity instruction to be credited to the Savings Account from which the e-RD account was funded",
175,SBI,Payment of interest at Monthly/Quarterly/Calendar quarter basis as per your requirement.,
176,SBI,Payment of Monthly interest will be at discounted rate. Interest will be paid at the contracted rate irrespective of change in the rates thereafter.,
177,SBI,"Senior Citizens get 0.25% extra interest rate for amount above Rs 10,000/-",
178,SBI,"For Retail Term Deposit up to Rs 5.00 lacs, the penalty for premature withdrawal will be 0.50% (all tenors).",
179,SBI,"For Retail Term Deposits above Rs 5.00 lacs but below Rs 1 crore, applicable penalty will be 1% (all tenors).",
180,SBI,Automatic renewals will take place only where there is no maturity instructions recorded at the time of opening the Term Deposit account or any time before maturity of deposit.,
181,SBI,"Park your lump sum amount in an SBI Term Deposit and avail of features like guaranteed returns, choice of interest payout, liquidity through OD or premature withdrawal.",
182,SBI,TDS at prevalent Income tax rate is deducted if Form 15G/15H not submitted.,
183,SBI,Instructions for disposal of maturity proceeds are accepted at the time of opening of accounts.,
